email,full_name,signup_date,country
sneha.sharma1@example.com,Sneha Sharma,2022-10-09,USA
pooja.singh2@example.com,Pooja Singh,2022-04-15,Germany
tanya.verma3@example.com,Tanya Verma,2023-08-28,Canada
priya.sharma4@example.com,Priya Sharma,2022-04-06,USA
pooja.agarwal5@example.com,Pooja Agarwal,2023-09-09,India
tanya.kumar6@example.com,Tanya Kumar,2023-10-28,Germany
tanya.jain7@example.com,Tanya Jain,2022-08-14,Canada
vikram.gupta8@example.com,Vikram Gupta,2022-01-07,USA
riya.patel9@example.com,Riya Patel,2022-10-12,USA
rohit.bose10@example.com,Rohit Bose,2022-12-11,India
rahul.jain11@example.com,Rahul Jain,2022-04-10,UK
ananya.iyer12@example.com,Ananya Iyer,2022-09-28,India
aditya.agarwal13@example.com,Aditya Agarwal,2022-05-08,Canada
rahul.agarwal14@example.com,Rahul Agarwal,2022-10-28,Germany
simran.malik15@example.com,Simran Malik,2023-01-06,Australia
rohit.rao16@example.com,Rohit Rao,2022-03-13,India
pooja.bose17@example.com,Pooja Bose,2022-10-24,India
pooja.chopra18@example.com,Pooja Chopra,2022-04-14,Canada
vikas.mehra19@example.com,Vikas Mehra,2023-10-13,UK
neha.patel20@example.com,Neha Patel,2022-12-30,USA
vikas.rao21@example.com,Vikas Rao,2023-12-01,Germany
rahul.iyer22@example.com,Rahul Iyer,2023-10-13,USA
tanya.rao23@example.com,Tanya Rao,2022-09-08,USA
aditya.jain24@example.com,Aditya Jain,2022-10-04,Germany
tanya.kumar25@example.com,Tanya Kumar,2022-11-29,India
pooja.chopra26@example.com,Pooja Chopra,2022-02-02,UK
saurabh.gupta27@example.com,Saurabh Gupta,2022-03-09,USA
vikram.malik28@example.com,Vikram Malik,2022-11-19,USA
isha.jain29@example.com,Isha Jain,2023-10-21,Canada
karan.gupta30@example.com,Karan Gupta,2022-05-23,USA
tanya.agarwal31@example.com,Tanya Agarwal,2022-09-27,Germany
vikram.jain32@example.com,Vikram Jain,2023-08-21,Canada
ananya.kumar33@example.com,Ananya Kumar,2022-05-22,Australia
isha.verma34@example.com,Isha Verma,2022-02-18,India
karan.das35@example.com,Karan Das,2022-06-13,Germany
riya.iyer36@example.com,Riya Iyer,2022-03-07,Canada
saurabh.iyer37@example.com,Saurabh Iyer,2023-04-25,Australia
vikas.agarwal38@example.com,Vikas Agarwal,2022-01-12,Germany
sneha.das39@example.com,Sneha Das,2023-07-04,UK
kshitiz.verma40@example.com,Kshitiz Verma,2022-10-28,Canada
neha.mehra41@example.com,Neha Mehra,2022-01-04,Germany
vikas.agarwal42@example.com,Vikas Agarwal,2022-07-02,Australia
sneha.chopra43@example.com,Sneha Chopra,2023-10-03,UK
manish.iyer44@example.com,Manish Iyer,2022-07-23,USA
ananya.bose45@example.com,Ananya Bose,2022-06-15,Australia
manish.malik46@example.com,Manish Malik,2022-01-01,Australia
kshitiz.mehra47@example.com,Kshitiz Mehra,2022-01-20,India
ananya.malik48@example.com,Ananya Malik,2022-11-11,USA
priya.kumar49@example.com,Priya Kumar,2023-08-04,India
rahul.rao50@example.com,Rahul Rao,2023-05-13,India
tanya.bose51@example.com,Tanya Bose,2022-05-09,USA
isha.agarwal52@example.com,Isha Agarwal,2022-06-19,UK
manish.chopra53@example.com,Manish Chopra,2023-09-14,Canada
rohit.malik54@example.com,Rohit Malik,2023-07-07,Germany
rohit.rao55@example.com,Rohit Rao,2022-11-16,Canada
ananya.mehra56@example.com,Ananya Mehra,2023-06-14,Canada
sneha.kumar57@example.com,Sneha Kumar,2022-08-19,India
kshitiz.sharma58@example.com,Kshitiz Sharma,2023-08-26,Australia
pooja.iyer59@example.com,Pooja Iyer,2022-08-14,India
rahul.rao60@example.com,Rahul Rao,2023-10-09,India
pooja.verma61@example.com,Pooja Verma,2022-02-02,UK
rahul.agarwal62@example.com,Rahul Agarwal,2022-09-01,UK
isha.kumar63@example.com,Isha Kumar,2023-07-07,USA
vikram.iyer64@example.com,Vikram Iyer,2023-04-30,USA
isha.bose65@example.com,Isha Bose,2023-02-21,USA
sneha.verma66@example.com,Sneha Verma,2023-11-06,Canada
ananya.jain67@example.com,Ananya Jain,2023-02-25,Canada
priya.das68@example.com,Priya Das,2023-11-01,Germany
sneha.sharma69@example.com,Sneha Sharma,2023-02-17,Germany
kshitiz.bose70@example.com,Kshitiz Bose,2022-04-22,USA
rohit.kumar71@example.com,Rohit Kumar,2023-07-04,Canada
karan.jain72@example.com,Karan Jain,2022-07-07,UK
aditya.kumar73@example.com,Aditya Kumar,2022-03-19,Canada
tanya.verma74@example.com,Tanya Verma,2022-02-21,Germany
tanya.chopra75@example.com,Tanya Chopra,2022-01-16,India
pooja.singh76@example.com,Pooja Singh,2023-02-21,Canada
isha.kumar77@example.com,Isha Kumar,2023-02-15,India
neha.jain78@example.com,Neha Jain,2022-01-03,Canada
vikas.malik79@example.com,Vikas Malik,2023-04-11,UK
riya.rao80@example.com,Riya Rao,2023-07-24,Germany
isha.singh81@example.com,Isha Singh,2022-07-14,UK
rohit.sharma82@example.com,Rohit Sharma,2023-08-17,Germany
tanya.sharma83@example.com,Tanya Sharma,2022-11-18,India
priya.iyer84@example.com,Priya Iyer,2023-05-04,Australia
manish.singh85@example.com,Manish Singh,2022-02-28,Australia
rahul.chopra86@example.com,Rahul Chopra,2022-07-10,India
simran.verma87@example.com,Simran Verma,2023-11-23,USA
saurabh.verma88@example.com,Saurabh Verma,2023-08-07,USA
vikram.iyer89@example.com,Vikram Iyer,2022-02-10,Australia
rahul.jain90@example.com,Rahul Jain,2023-11-05,Australia
vikram.agarwal91@example.com,Vikram Agarwal,2022-11-20,UK
rohit.das92@example.com,Rohit Das,2022-11-18,USA
vikas.jain93@example.com,Vikas Jain,2022-05-15,Germany
ritu.mehra94@example.com,Ritu Mehra,2022-11-20,India
amit.mehra95@example.com,Amit Mehra,2023-09-29,Australia
sneha.verma96@example.com,Sneha Verma,2023-07-05,USA
manish.gupta97@example.com,Manish Gupta,2022-05-16,UK
rahul.malik98@example.com,Rahul Malik,2022-09-08,UK
ritu.singh99@example.com,Ritu Singh,2023-03-25,Australia
ritu.iyer100@example.com,Ritu Iyer,2023-11-01,Australia
